id,type,amount,category,note,date,account,images
sample_0,income,18000000,Lương,Lương tháng,2026-05-26,Tiền mặt,
sample_1,expense,87000,Di chuyển,Giao dịch mẫu,2026-05-25,Ngân hàng,
sample_2,expense,124000,Mua sắm,Giao dịch mẫu,2026-05-24,Ví điện tử,
sample_3,expense,161000,Nhà cửa,Giao dịch mẫu,2026-05-23,Tiền mặt,
sample_4,expense,198000,Giải trí,Giao dịch mẫu,2026-05-22,Ngân hàng,
sample_5,expense,235000,Ăn uống,Giao dịch mẫu,2026-05-21,Ví điện tử,
sample_6,expense,272000,Di chuyển,Giao dịch mẫu,2026-05-20,Tiền mặt,
sample_7,expense,309000,Mua sắm,Giao dịch mẫu,2026-05-19,Ngân hàng,
sample_8,expense,346000,Nhà cửa,Giao dịch mẫu,2026-05-18,Ví điện tử,
sample_9,income,1200000,Đầu tư,Thu nhập đầu tư,2026-05-17,Tiền mặt,
sample_10,expense,420000,Ăn uống,Giao dịch mẫu,2026-05-16,Ngân hàng,
sample_11,expense,457000,Di chuyển,Giao dịch mẫu,2026-05-15,Ví điện tử,
sample_12,expense,494000,Mua sắm,Giao dịch mẫu,2026-05-14,Tiền mặt,
sample_13,expense,531000,Nhà cửa,Giao dịch mẫu,2026-05-13,Ngân hàng,
sample_14,expense,568000,Giải trí,Giao dịch mẫu,2026-05-12,Ví điện tử,
sample_15,income,18000000,Lương,Lương tháng,2026-05-11,Tiền mặt,
sample_16,expense,642000,Di chuyển,Giao dịch mẫu,2026-05-10,Ngân hàng,
sample_17,expense,679000,Mua sắm,Giao dịch mẫu,2026-05-09,Ví điện tử,
sample_18,income,1200000,Đầu tư,Thu nhập đầu tư,2026-05-08,Tiền mặt,
sample_19,expense,753000,Giải trí,Giao dịch mẫu,2026-05-07,Ngân hàng,
sample_20,expense,790000,Ăn uống,Giao dịch mẫu,2026-05-06,Ví điện tử,
sample_21,expense,827000,Di chuyển,Giao dịch mẫu,2026-05-05,Tiền mặt,
sample_22,expense,864000,Mua sắm,Giao dịch mẫu,2026-05-04,Ngân hàng,
sample_23,expense,51000,Nhà cửa,Giao dịch mẫu,2026-05-03,Ví điện tử,
sample_24,expense,88000,Giải trí,Giao dịch mẫu,2026-05-02,Tiền mặt,
sample_25,expense,125000,Ăn uống,Giao dịch mẫu,2026-05-01,Ngân hàng,
sample_26,expense,162000,Di chuyển,Giao dịch mẫu,2026-04-30,Ví điện tử,
sample_27,income,1200000,Đầu tư,Thu nhập đầu tư,2026-04-29,Tiền mặt,
sample_28,expense,236000,Nhà cửa,Giao dịch mẫu,2026-04-28,Ngân hàng,
sample_29,expense,273000,Giải trí,Giao dịch mẫu,2026-04-27,Ví điện tử,
sample_30,income,18000000,Lương,Lương tháng,2026-04-26,Tiền mặt,
sample_31,expense,347000,Di chuyển,Giao dịch mẫu,2026-04-25,Ngân hàng,
sample_32,expense,384000,Mua sắm,Giao dịch mẫu,2026-04-24,Ví điện tử,
sample_33,expense,421000,Nhà cửa,Giao dịch mẫu,2026-04-23,Tiền mặt,
sample_34,expense,458000,Giải trí,Giao dịch mẫu,2026-04-22,Ngân hàng,
sample_35,expense,495000,Ăn uống,Giao dịch mẫu,2026-04-21,Ví điện tử,
sample_36,income,1200000,Đầu tư,Thu nhập đầu tư,2026-04-20,Tiền mặt,
sample_37,expense,569000,Mua sắm,Giao dịch mẫu,2026-04-19,Ngân hàng,
sample_38,expense,606000,Nhà cửa,Giao dịch mẫu,2026-04-18,Ví điện tử,
sample_39,expense,643000,Giải trí,Giao dịch mẫu,2026-04-17,Tiền mặt,
sample_40,expense,680000,Ăn uống,Giao dịch mẫu,2026-04-16,Ngân hàng,
sample_41,expense,717000,Di chuyển,Giao dịch mẫu,2026-04-15,Ví điện tử,
sample_42,expense,754000,Mua sắm,Giao dịch mẫu,2026-04-14,Tiền mặt,
sample_43,expense,791000,Nhà cửa,Giao dịch mẫu,2026-04-13,Ngân hàng,
sample_44,expense,828000,Giải trí,Giao dịch mẫu,2026-04-12,Ví điện tử,
sample_45,income,18000000,Lương,Lương tháng,2026-04-11,Tiền mặt,
sample_46,expense,52000,Di chuyển,Giao dịch mẫu,2026-04-10,Ngân hàng,
sample_47,expense,89000,Mua sắm,Giao dịch mẫu,2026-04-09,Ví điện tử,
sample_48,expense,126000,Nhà cửa,Giao dịch mẫu,2026-04-08,Tiền mặt,
sample_49,expense,163000,Giải trí,Giao dịch mẫu,2026-04-07,Ngân hàng,
sample_50,expense,200000,Ăn uống,Giao dịch mẫu,2026-04-06,Ví điện tử,
sample_51,expense,237000,Di chuyển,Giao dịch mẫu,2026-04-05,Tiền mặt,
sample_52,expense,274000,Mua sắm,Giao dịch mẫu,2026-04-04,Ngân hàng,
sample_53,expense,311000,Nhà cửa,Giao dịch mẫu,2026-04-03,Ví điện tử,
sample_54,income,1200000,Đầu tư,Thu nhập đầu tư,2026-04-02,Tiền mặt,
sample_55,expense,385000,Ăn uống,Giao dịch mẫu,2026-04-01,Ngân hàng,
sample_56,expense,422000,Di chuyển,Giao dịch mẫu,2026-03-31,Ví điện tử,
sample_57,expense,459000,Mua sắm,Giao dịch mẫu,2026-03-30,Tiền mặt,
sample_58,expense,496000,Nhà cửa,Giao dịch mẫu,2026-03-29,Ngân hàng,
sample_59,expense,533000,Giải trí,Giao dịch mẫu,2026-03-28,Ví điện tử,
sample_60,income,18000000,Lương,Lương tháng,2026-03-27,Tiền mặt,
sample_61,expense,607000,Di chuyển,Giao dịch mẫu,2026-03-26,Ngân hàng,
sample_62,expense,644000,Mua sắm,Giao dịch mẫu,2026-03-25,Ví điện tử,
sample_63,income,1200000,Đầu tư,Thu nhập đầu tư,2026-03-24,Tiền mặt,
sample_64,expense,718000,Giải trí,Giao dịch mẫu,2026-03-23,Ngân hàng,
sample_65,expense,755000,Ăn uống,Giao dịch mẫu,2026-03-22,Ví điện tử,
sample_66,expense,792000,Di chuyển,Giao dịch mẫu,2026-03-21,Tiền mặt,
sample_67,expense,829000,Mua sắm,Giao dịch mẫu,2026-03-20,Ngân hàng,
sample_68,expense,866000,Nhà cửa,Giao dịch mẫu,2026-03-19,Ví điện tử,
sample_69,expense,53000,Giải trí,Giao dịch mẫu,2026-03-18,Tiền mặt,
sample_70,expense,90000,Ăn uống,Giao dịch mẫu,2026-03-17,Ngân hàng,
sample_71,expense,127000,Di chuyển,Giao dịch mẫu,2026-03-16,Ví điện tử,
sample_72,income,1200000,Đầu tư,Thu nhập đầu tư,2026-03-15,Tiền mặt,
sample_73,expense,201000,Nhà cửa,Giao dịch mẫu,2026-03-14,Ngân hàng,
sample_74,expense,238000,Giải trí,Giao dịch mẫu,2026-03-13,Ví điện tử,
sample_75,income,18000000,Lương,Lương tháng,2026-03-12,Tiền mặt,
sample_76,expense,312000,Di chuyển,Giao dịch mẫu,2026-03-11,Ngân hàng,
sample_77,expense,349000,Mua sắm,Giao dịch mẫu,2026-03-10,Ví điện tử,
sample_78,expense,386000,Nhà cửa,Giao dịch mẫu,2026-03-09,Tiền mặt,
sample_79,expense,423000,Giải trí,Giao dịch mẫu,2026-03-08,Ngân hàng,
sample_80,expense,460000,Ăn uống,Giao dịch mẫu,2026-03-07,Ví điện tử,
sample_81,income,1200000,Đầu tư,Thu nhập đầu tư,2026-03-06,Tiền mặt,
sample_82,expense,534000,Mua sắm,Giao dịch mẫu,2026-03-05,Ngân hàng,
sample_83,expense,571000,Nhà cửa,Giao dịch mẫu,2026-03-04,Ví điện tử,
sample_84,expense,608000,Giải trí,Giao dịch mẫu,2026-03-03,Tiền mặt,
sample_85,expense,645000,Ăn uống,Giao dịch mẫu,2026-03-02,Ngân hàng,
sample_86,expense,682000,Di chuyển,Giao dịch mẫu,2026-03-01,Ví điện tử,
sample_87,expense,719000,Mua sắm,Giao dịch mẫu,2026-02-28,Tiền mặt,
sample_88,expense,756000,Nhà cửa,Giao dịch mẫu,2026-02-27,Ngân hàng,
sample_89,expense,793000,Giải trí,Giao dịch mẫu,2026-02-26,Ví điện tử,
sample_90,income,18000000,Lương,Lương tháng,2026-02-25,Tiền mặt,
sample_91,expense,867000,Di chuyển,Giao dịch mẫu,2026-02-24,Ngân hàng,
sample_92,expense,54000,Mua sắm,Giao dịch mẫu,2026-02-23,Ví điện tử,
sample_93,expense,91000,Nhà cửa,Giao dịch mẫu,2026-02-22,Tiền mặt,
sample_94,expense,128000,Giải trí,Giao dịch mẫu,2026-02-21,Ngân hàng,
sample_95,expense,165000,Ăn uống,Giao dịch mẫu,2026-02-20,Ví điện tử,
sample_96,expense,202000,Di chuyển,Giao dịch mẫu,2026-02-19,Tiền mặt,
sample_97,expense,239000,Mua sắm,Giao dịch mẫu,2026-02-18,Ngân hàng,
sample_98,expense,276000,Nhà cửa,Giao dịch mẫu,2026-02-17,Ví điện tử,
sample_99,income,1200000,Đầu tư,Thu nhập đầu tư,2026-02-16,Tiền mặt,
